,Formatted Date,Daily Summary
0,2015-03-01 00:00:00.000 +0100,Partly cloudy throughout the day.
1,2015-03-01 01:00:00.000 +0100,Partly cloudy throughout the day.
2,2015-03-01 02:00:00.000 +0100,Partly cloudy throughout the day.
3,2015-03-01 03:00:00.000 +0100,Partly cloudy throughout the day.
4,2015-03-01 04:00:00.000 +0100,Partly cloudy throughout the day.
5,2015-03-01 05:00:00.000 +0100,Mostly cloudy throughout the day.
6,2015-03-01 06:00:00.000 +0100,Mostly cloudy throughout the day.
7,2015-03-01 07:00:00.000 +0100,Mostly cloudy throughout the day.
8,2015-03-01 08:00:00.000 +0100,Mostly cloudy throughout the day.
9,2015-03-01 09:00:00.000 +0100,Mostly cloudy throughout the day.
10,2015-03-01 10:00:00.000 +0100,Mostly cloudy throughout the day.
11,2015-03-01 11:00:00.000 +0100,Mostly cloudy throughout the day.
12,2015-03-01 12:00:00.000 +0100,Partly cloudy throughout the day.
13,2015-03-01 13:00:00.000 +0100,Partly cloudy throughout the day.
14,2015-03-01 14:00:00.000 +0100,Partly cloudy throughout the day.
15,2015-03-01 15:00:00.000 +0100,Partly cloudy throughout the day.
16,2015-03-01 16:00:00.000 +0100,Mostly cloudy throughout the day.
17,2015-03-01 17:00:00.000 +0100,Mostly cloudy throughout the day.
18,2015-03-01 18:00:00.000 +0100,Mostly cloudy throughout the day.
19,2015-03-01 19:00:00.000 +0100,Mostly cloudy throughout the day.
20,2015-03-01 20:00:00.000 +0100,Mostly cloudy throughout the day.
21,2015-03-01 21:00:00.000 +0100,Mostly cloudy throughout the day.
22,2015-03-01 22:00:00.000 +0100,Mostly cloudy throughout the day.
23,2015-03-01 23:00:00.000 +0100,Mostly cloudy throughout the day.
24,2015-03-10 00:00:00.000 +0100,Partly cloudy throughout the day.
25,2015-03-10 01:00:00.000 +0100,Partly cloudy throughout the day.
26,2015-03-10 02:00:00.000 +0100,Partly cloudy throughout the day.
27,2015-03-10 03:00:00.000 +0100,Partly cloudy throughout the day.
28,2015-03-10 04:00:00.000 +0100,Partly cloudy throughout the day.
29,2015-03-10 05:00:00.000 +0100,Partly cloudy throughout the day.
30,2015-03-10 06:00:00.000 +0100,Mostly cloudy throughout the day.
31,2015-03-10 07:00:00.000 +0100,Mostly cloudy throughout the day.
32,2015-03-10 08:00:00.000 +0100,Mostly cloudy throughout the day.
33,2015-03-10 09:00:00.000 +0100,Mostly cloudy throughout the day.
34,2015-03-10 10:00:00.000 +0100,Mostly cloudy throughout the day.
35,2015-03-10 11:00:00.000 +0100,Mostly cloudy throughout the day.
36,2015-03-10 12:00:00.000 +0100,Mostly cloudy throughout the day.
37,2015-03-10 13:00:00.000 +0100,Mostly cloudy throughout the day.
38,2015-03-10 14:00:00.000 +0100,Mostly cloudy throughout the day.
39,2015-03-10 15:00:00.000 +0100,Mostly cloudy throughout the day.
40,2015-03-10 16:00:00.000 +0100,Mostly cloudy throughout the day.
41,2015-03-10 17:00:00.000 +0100,Mostly cloudy throughout the day.
42,2015-03-10 18:00:00.000 +0100,Mostly cloudy throughout the day.
43,2015-03-10 19:00:00.000 +0100,Mostly cloudy throughout the day.
44,2015-03-10 20:00:00.000 +0100,Mostly cloudy throughout the day.
45,2015-03-10 21:00:00.000 +0100,Mostly cloudy throughout the day.
46,2015-03-10 22:00:00.000 +0100,Mostly cloudy throughout the day.
47,2015-03-10 23:00:00.000 +0100,Mostly cloudy throughout the day.
48,2015-03-11 00:00:00.000 +0100,Mostly cloudy throughout the day.
49,2015-03-11 01:00:00.000 +0100,Mostly cloudy throughout the day.
50,2015-03-11 02:00:00.000 +0100,Partly cloudy throughout the day.
51,2015-03-11 03:00:00.000 +0100,Partly cloudy throughout the day.
52,2015-03-11 04:00:00.000 +0100,Partly cloudy throughout the day.
53,2015-03-11 05:00:00.000 +0100,Partly cloudy throughout the day.
54,2015-03-11 06:00:00.000 +0100,Partly cloudy throughout the day.
55,2015-03-11 07:00:00.000 +0100,Partly cloudy throughout the day.
56,2015-03-11 08:00:00.000 +0100,Mostly cloudy throughout the day.
57,2015-03-11 09:00:00.000 +0100,Mostly cloudy throughout the day.
58,2015-03-11 10:00:00.000 +0100,Mostly cloudy throughout the day.
59,2015-03-11 11:00:00.000 +0100,Mostly cloudy throughout the day.
60,2015-03-11 12:00:00.000 +0100,Mostly cloudy throughout the day.
61,2015-03-11 13:00:00.000 +0100,Mostly cloudy throughout the day.
62,2015-03-11 14:00:00.000 +0100,Mostly cloudy throughout the day.
63,2015-03-11 15:00:00.000 +0100,Mostly cloudy throughout the day.
64,2015-03-11 16:00:00.000 +0100,Mostly cloudy throughout the day.
65,2015-03-11 17:00:00.000 +0100,Mostly cloudy throughout the day.
66,2015-03-11 18:00:00.000 +0100,Mostly cloudy throughout the day.
67,2015-03-11 19:00:00.000 +0100,Mostly cloudy throughout the day.
68,2015-03-11 20:00:00.000 +0100,Mostly cloudy throughout the day.
69,2015-03-11 21:00:00.000 +0100,Mostly cloudy throughout the day.
70,2015-03-11 22:00:00.000 +0100,Mostly cloudy throughout the day.
71,2015-03-11 23:00:00.000 +0100,Mostly cloudy throughout the day.
72,2015-03-12 00:00:00.000 +0100,Mostly cloudy throughout the day.
73,2015-03-12 01:00:00.000 +0100,Mostly cloudy throughout the day.
74,2015-03-12 02:00:00.000 +0100,Mostly cloudy throughout the day.
75,2015-03-12 03:00:00.000 +0100,Mostly cloudy throughout the day.
76,2015-03-12 04:00:00.000 +0100,Partly cloudy throughout the day.
77,2015-03-12 05:00:00.000 +0100,Mostly cloudy throughout the day.
78,2015-03-12 06:00:00.000 +0100,Mostly cloudy throughout the day.
79,2015-03-12 07:00:00.000 +0100,Mostly cloudy throughout the day.
80,2015-03-12 08:00:00.000 +0100,Mostly cloudy throughout the day.
81,2015-03-12 09:00:00.000 +0100,Mostly cloudy throughout the day.
82,2015-03-12 10:00:00.000 +0100,Mostly cloudy throughout the day.
83,2015-03-12 11:00:00.000 +0100,Mostly cloudy throughout the day.
84,2015-03-12 12:00:00.000 +0100,Mostly cloudy throughout the day.
85,2015-03-12 13:00:00.000 +0100,Mostly cloudy throughout the day.
86,2015-03-12 14:00:00.000 +0100,Mostly cloudy throughout the day.
87,2015-03-12 15:00:00.000 +0100,Mostly cloudy throughout the day.
88,2015-03-12 16:00:00.000 +0100,Mostly cloudy throughout the day.
89,2015-03-12 17:00:00.000 +0100,Mostly cloudy throughout the day.
90,2015-03-12 18:00:00.000 +0100,Mostly cloudy throughout the day.
91,2015-03-12 19:00:00.000 +0100,Mostly cloudy throughout the day.
92,2015-03-12 20:00:00.000 +0100,Mostly cloudy throughout the day.
93,2015-03-12 21:00:00.000 +0100,Mostly cloudy throughout the day.
94,2015-03-12 22:00:00.000 +0100,Mostly cloudy throughout the day.
95,2015-03-12 23:00:00.000 +0100,Mostly cloudy throughout the day.
96,2015-03-13 00:00:00.000 +0100,Mostly cloudy throughout the day.
97,2015-03-13 01:00:00.000 +0100,Mostly cloudy throughout the day.
98,2015-03-13 02:00:00.000 +0100,Mostly cloudy throughout the day.
99,2015-03-13 03:00:00.000 +0100,Mostly cloudy throughout the day.
100,2015-03-13 04:00:00.000 +0100,Mostly cloudy throughout the day.
101,2015-03-13 05:00:00.000 +0100,Mostly cloudy throughout the day.
102,2015-03-13 06:00:00.000 +0100,Mostly cloudy throughout the day.
103,2015-03-13 07:00:00.000 +0100,Mostly cloudy throughout the day.
104,2015-03-13 08:00:00.000 +0100,Mostly cloudy throughout the day.
105,2015-03-13 09:00:00.000 +0100,Mostly cloudy throughout the day.
106,2015-03-13 10:00:00.000 +0100,Mostly cloudy throughout the day.
107,2015-03-13 11:00:00.000 +0100,Mostly cloudy throughout the day.
108,2015-03-13 12:00:00.000 +0100,Mostly cloudy throughout the day.
109,2015-03-13 13:00:00.000 +0100,Mostly cloudy throughout the day.
110,2015-03-13 14:00:00.000 +0100,Mostly cloudy throughout the day.
111,2015-03-13 15:00:00.000 +0100,Mostly cloudy throughout the day.
112,2015-03-13 16:00:00.000 +0100,Mostly cloudy throughout the day.
113,2015-03-13 17:00:00.000 +0100,Mostly cloudy throughout the day.
114,2015-03-13 18:00:00.000 +0100,Mostly cloudy throughout the day.
115,2015-03-13 19:00:00.000 +0100,Mostly cloudy throughout the day.
116,2015-03-13 20:00:00.000 +0100,Mostly cloudy throughout the day.
117,2015-03-13 21:00:00.000 +0100,Mostly cloudy throughout the day.
118,2015-03-13 22:00:00.000 +0100,Mostly cloudy throughout the day.
119,2015-03-13 23:00:00.000 +0100,Mostly cloudy throughout the day.
120,2015-03-14 00:00:00.000 +0100,Mostly cloudy throughout the day.
121,2015-03-14 01:00:00.000 +0100,Mostly cloudy throughout the day.
122,2015-03-14 02:00:00.000 +0100,Mostly cloudy throughout the day.
123,2015-03-14 03:00:00.000 +0100,Mostly cloudy throughout the day.
124,2015-03-14 04:00:00.000 +0100,Mostly cloudy throughout the day.
125,2015-03-14 05:00:00.000 +0100,Mostly cloudy throughout the day.
126,2015-03-14 06:00:00.000 +0100,Mostly cloudy throughout the day.
127,2015-03-14 07:00:00.000 +0100,Mostly cloudy throughout the day.
128,2015-03-14 08:00:00.000 +0100,Mostly cloudy throughout the day.
129,2015-03-14 09:00:00.000 +0100,Partly cloudy throughout the day.
130,2015-03-14 10:00:00.000 +0100,Mostly cloudy throughout the day.
131,2015-03-14 11:00:00.000 +0100,Mostly cloudy throughout the day.
132,2015-03-14 12:00:00.000 +0100,Mostly cloudy throughout the day.
133,2015-03-14 13:00:00.000 +0100,Mostly cloudy throughout the day.
134,2015-03-14 14:00:00.000 +0100,Mostly cloudy throughout the day.
135,2015-03-14 15:00:00.000 +0100,Mostly cloudy throughout the day.
136,2015-03-14 16:00:00.000 +0100,Partly cloudy throughout the day.
137,2015-03-14 17:00:00.000 +0100,Partly cloudy throughout the day.
138,2015-03-14 18:00:00.000 +0100,Partly cloudy throughout the day.
139,2015-03-14 19:00:00.000 +0100,Partly cloudy throughout the day.
140,2015-03-14 20:00:00.000 +0100,Partly cloudy throughout the day.
141,2015-03-14 21:00:00.000 +0100,Partly cloudy throughout the day.
142,2015-03-14 22:00:00.000 +0100,Partly cloudy throughout the day.
143,2015-03-14 23:00:00.000 +0100,Partly cloudy throughout the day.
144,2015-03-15 00:00:00.000 +0100,Mostly cloudy throughout the day.
145,2015-03-15 01:00:00.000 +0100,Mostly cloudy throughout the day.
146,2015-03-15 02:00:00.000 +0100,Mostly cloudy throughout the day.
147,2015-03-15 03:00:00.000 +0100,Partly cloudy throughout the day.
148,2015-03-15 04:00:00.000 +0100,Mostly cloudy throughout the day.
149,2015-03-15 05:00:00.000 +0100,Mostly cloudy throughout the day.
150,2015-03-15 06:00:00.000 +0100,Mostly cloudy throughout the day.
151,2015-03-15 07:00:00.000 +0100,Mostly cloudy throughout the day.
152,2015-03-15 08:00:00.000 +0100,Mostly cloudy throughout the day.
153,2015-03-15 09:00:00.000 +0100,Mostly cloudy throughout the day.
154,2015-03-15 10:00:00.000 +0100,Mostly cloudy throughout the day.
155,2015-03-15 11:00:00.000 +0100,Mostly cloudy throughout the day.
156,2015-03-15 12:00:00.000 +0100,Mostly cloudy throughout the day.
157,2015-03-15 13:00:00.000 +0100,Mostly cloudy throughout the day.
158,2015-03-15 14:00:00.000 +0100,Mostly cloudy throughout the day.
159,2015-03-15 15:00:00.000 +0100,Mostly cloudy throughout the day.
160,2015-03-15 16:00:00.000 +0100,Mostly cloudy throughout the day.
161,2015-03-15 17:00:00.000 +0100,Mostly cloudy throughout the day.
162,2015-03-15 18:00:00.000 +0100,Mostly cloudy throughout the day.
163,2015-03-15 19:00:00.000 +0100,Mostly cloudy throughout the day.
164,2015-03-15 20:00:00.000 +0100,Partly cloudy throughout the day.
165,2015-03-15 21:00:00.000 +0100,Partly cloudy throughout the day.
166,2015-03-15 22:00:00.000 +0100,Partly cloudy throughout the day.
167,2015-03-15 23:00:00.000 +0100,Partly cloudy throughout the day.
168,2015-03-16 00:00:00.000 +0100,Partly cloudy throughout the day.
169,2015-03-16 01:00:00.000 +0100,Partly cloudy throughout the day.
170,2015-03-16 02:00:00.000 +0100,Partly cloudy throughout the day.
171,2015-03-16 03:00:00.000 +0100,Partly cloudy throughout the day.
172,2015-03-16 04:00:00.000 +0100,Partly cloudy throughout the day.
173,2015-03-16 05:00:00.000 +0100,Partly cloudy throughout the day.
174,2015-03-16 06:00:00.000 +0100,Partly cloudy throughout the day.
175,2015-03-16 07:00:00.000 +0100,Partly cloudy throughout the day.
176,2015-03-16 08:00:00.000 +0100,Partly cloudy throughout the day.
177,2015-03-16 09:00:00.000 +0100,Partly cloudy throughout the day.
178,2015-03-16 10:00:00.000 +0100,Partly cloudy throughout the day.
179,2015-03-16 11:00:00.000 +0100,Mostly cloudy throughout the day.
180,2015-03-16 12:00:00.000 +0100,Mostly cloudy throughout the day.
181,2015-03-16 13:00:00.000 +0100,Mostly cloudy throughout the day.
182,2015-03-16 14:00:00.000 +0100,Mostly cloudy throughout the day.
183,2015-03-16 15:00:00.000 +0100,Mostly cloudy throughout the day.
184,2015-03-16 16:00:00.000 +0100,Mostly cloudy throughout the day.
185,2015-03-16 17:00:00.000 +0100,Mostly cloudy throughout the day.
186,2015-03-16 18:00:00.000 +0100,Mostly cloudy throughout the day.
187,2015-03-16 19:00:00.000 +0100,Mostly cloudy throughout the day.
188,2015-03-16 20:00:00.000 +0100,Mostly cloudy throughout the day.
189,2015-03-16 21:00:00.000 +0100,Mostly cloudy throughout the day.
190,2015-03-16 22:00:00.000 +0100,Mostly cloudy throughout the day.
191,2015-03-16 23:00:00.000 +0100,Mostly cloudy throughout the day.
192,2015-03-17 00:00:00.000 +0100,Mostly cloudy throughout the day.
193,2015-03-17 01:00:00.000 +0100,Mostly cloudy throughout the day.
194,2015-03-17 02:00:00.000 +0100,Mostly cloudy throughout the day.
195,2015-03-17 03:00:00.000 +0100,Mostly cloudy throughout the day.
196,2015-03-17 04:00:00.000 +0100,Partly cloudy throughout the day.
197,2015-03-17 05:00:00.000 +0100,Partly cloudy throughout the day.
198,2015-03-17 06:00:00.000 +0100,Mostly cloudy throughout the day.
199,2015-03-17 07:00:00.000 +0100,Mostly cloudy throughout the day.
200,2015-03-17 08:00:00.000 +0100,Mostly cloudy throughout the day.
201,2015-03-17 09:00:00.000 +0100,Mostly cloudy throughout the day.
202,2015-03-17 10:00:00.000 +0100,Mostly cloudy throughout the day.
203,2015-03-17 11:00:00.000 +0100,Mostly cloudy throughout the day.
204,2015-03-17 12:00:00.000 +0100,Partly cloudy throughout the day.
205,2015-03-17 13:00:00.000 +0100,Partly cloudy throughout the day.
206,2015-03-17 14:00:00.000 +0100,Mostly cloudy throughout the day.
207,2015-03-17 15:00:00.000 +0100,Partly cloudy throughout the day.
208,2015-03-17 16:00:00.000 +0100,Partly cloudy throughout the day.
209,2015-03-17 17:00:00.000 +0100,Mostly cloudy throughout the day.
210,2015-03-17 18:00:00.000 +0100,Partly cloudy throughout the day.
211,2015-03-17 19:00:00.000 +0100,Partly cloudy throughout the day.
212,2015-03-17 20:00:00.000 +0100,Mostly cloudy throughout the day.
213,2015-03-17 21:00:00.000 +0100,Mostly cloudy throughout the day.
214,2015-03-17 22:00:00.000 +0100,Mostly cloudy throughout the day.
215,2015-03-17 23:00:00.000 +0100,Mostly cloudy throughout the day.
216,2015-03-18 00:00:00.000 +0100,Mostly cloudy throughout the day.
217,2015-03-18 01:00:00.000 +0100,Mostly cloudy throughout the day.
218,2015-03-18 02:00:00.000 +0100,Mostly cloudy throughout the day.
219,2015-03-18 03:00:00.000 +0100,Partly cloudy throughout the day.
220,2015-03-18 04:00:00.000 +0100,Partly cloudy throughout the day.
221,2015-03-18 05:00:00.000 +0100,Partly cloudy throughout the day.
222,2015-03-18 06:00:00.000 +0100,Mostly cloudy throughout the day.
223,2015-03-18 07:00:00.000 +0100,Mostly cloudy throughout the day.
224,2015-03-18 08:00:00.000 +0100,Mostly cloudy throughout the day.
225,2015-03-18 09:00:00.000 +0100,Mostly cloudy throughout the day.
226,2015-03-18 10:00:00.000 +0100,Mostly cloudy throughout the day.
227,2015-03-18 11:00:00.000 +0100,Mostly cloudy throughout the day.
228,2015-03-18 12:00:00.000 +0100,Mostly cloudy throughout the day.
229,2015-03-18 13:00:00.000 +0100,Mostly cloudy throughout the day.
230,2015-03-18 14:00:00.000 +0100,Mostly cloudy throughout the day.
231,2015-03-18 15:00:00.000 +0100,Mostly cloudy throughout the day.
232,2015-03-18 16:00:00.000 +0100,Partly cloudy throughout the day.
233,2015-03-18 17:00:00.000 +0100,Partly cloudy throughout the day.
234,2015-03-18 18:00:00.000 +0100,Partly cloudy throughout the day.
235,2015-03-18 19:00:00.000 +0100,Partly cloudy throughout the day.
236,2015-03-18 20:00:00.000 +0100,Partly cloudy throughout the day.
237,2015-03-18 21:00:00.000 +0100,Partly cloudy throughout the day.
238,2015-03-18 22:00:00.000 +0100,Partly cloudy throughout the day.
239,2015-03-18 23:00:00.000 +0100,Partly cloudy throughout the day.
240,2015-03-19 00:00:00.000 +0100,Partly cloudy throughout the day.
241,2015-03-19 01:00:00.000 +0100,Partly cloudy throughout the day.
242,2015-03-19 02:00:00.000 +0100,Partly cloudy throughout the day.
243,2015-03-19 03:00:00.000 +0100,Partly cloudy throughout the day.
244,2015-03-19 04:00:00.000 +0100,Mostly cloudy throughout the day.
245,2015-03-19 05:00:00.000 +0100,Mostly cloudy throughout the day.
246,2015-03-19 06:00:00.000 +0100,Mostly cloudy throughout the day.
247,2015-03-19 07:00:00.000 +0100,Mostly cloudy throughout the day.
248,2015-03-19 08:00:00.000 +0100,Mostly cloudy throughout the day.
249,2015-03-19 09:00:00.000 +0100,Partly cloudy throughout the day.
250,2015-03-19 10:00:00.000 +0100,Mostly cloudy throughout the day.
251,2015-03-19 11:00:00.000 +0100,Mostly cloudy throughout the day.
252,2015-03-19 12:00:00.000 +0100,Mostly cloudy throughout the day.
253,2015-03-19 13:00:00.000 +0100,Mostly cloudy throughout the day.
254,2015-03-19 14:00:00.000 +0100,Mostly cloudy throughout the day.
255,2015-03-19 15:00:00.000 +0100,Mostly cloudy throughout the day.
256,2015-03-19 16:00:00.000 +0100,Mostly cloudy throughout the day.
257,2015-03-19 17:00:00.000 +0100,Mostly cloudy throughout the day.
258,2015-03-19 18:00:00.000 +0100,Mostly cloudy throughout the day.
259,2015-03-19 19:00:00.000 +0100,Mostly cloudy throughout the day.
260,2015-03-19 20:00:00.000 +0100,Mostly cloudy throughout the day.
261,2015-03-19 21:00:00.000 +0100,Mostly cloudy throughout the day.
262,2015-03-19 22:00:00.000 +0100,Mostly cloudy throughout the day.
263,2015-03-19 23:00:00.000 +0100,Mostly cloudy throughout the day.
264,2015-03-02 00:00:00.000 +0100,Mostly cloudy throughout the day.
265,2015-03-02 01:00:00.000 +0100,Mostly cloudy throughout the day.
266,2015-03-02 02:00:00.000 +0100,Mostly cloudy throughout the day.
267,2015-03-02 03:00:00.000 +0100,Mostly cloudy throughout the day.
268,2015-03-02 04:00:00.000 +0100,Mostly cloudy throughout the day.
269,2015-03-02 05:00:00.000 +0100,Mostly cloudy throughout the day.
270,2015-03-02 06:00:00.000 +0100,Mostly cloudy throughout the day.
271,2015-03-02 07:00:00.000 +0100,Mostly cloudy throughout the day.
272,2015-03-02 08:00:00.000 +0100,Mostly cloudy throughout the day.
273,2015-03-02 09:00:00.000 +0100,Mostly cloudy throughout the day.
274,2015-03-02 10:00:00.000 +0100,Mostly cloudy throughout the day.
275,2015-03-02 11:00:00.000 +0100,Mostly cloudy throughout the day.
276,2015-03-02 12:00:00.000 +0100,Mostly cloudy throughout the day.
277,2015-03-02 13:00:00.000 +0100,Mostly cloudy throughout the day.
278,2015-03-02 14:00:00.000 +0100,Mostly cloudy throughout the day.
279,2015-03-02 15:00:00.000 +0100,Mostly cloudy throughout the day.
280,2015-03-02 16:00:00.000 +0100,Partly cloudy throughout the day.
281,2015-03-02 17:00:00.000 +0100,Mostly cloudy throughout the day.
282,2015-03-02 18:00:00.000 +0100,Mostly cloudy throughout the day.
283,2015-03-02 19:00:00.000 +0100,Mostly cloudy throughout the day.
284,2015-03-02 20:00:00.000 +0100,Partly cloudy throughout the day.
285,2015-03-02 21:00:00.000 +0100,Partly cloudy throughout the day.
286,2015-03-02 22:00:00.000 +0100,Partly cloudy throughout the day.
287,2015-03-02 23:00:00.000 +0100,Mostly cloudy throughout the day.
288,2015-03-20 00:00:00.000 +0100,Mostly cloudy throughout the day.
289,2015-03-20 01:00:00.000 +0100,Mostly cloudy throughout the day.
290,2015-03-20 02:00:00.000 +0100,Partly cloudy throughout the day.
291,2015-03-20 03:00:00.000 +0100,Partly cloudy throughout the day.
292,2015-03-20 04:00:00.000 +0100,Foggy starting overnight continuing until morning.
293,2015-03-20 05:00:00.000 +0100,Mostly cloudy throughout the day.
294,2015-03-20 06:00:00.000 +0100,Mostly cloudy throughout the day.
295,2015-03-20 07:00:00.000 +0100,Mostly cloudy throughout the day.
296,2015-03-20 08:00:00.000 +0100,Mostly cloudy throughout the day.
297,2015-03-20 09:00:00.000 +0100,Mostly cloudy throughout the day.
298,2015-03-20 10:00:00.000 +0100,Mostly cloudy throughout the day.
299,2015-03-20 11:00:00.000 +0100,Mostly cloudy throughout the day.
300,2015-03-20 12:00:00.000 +0100,Mostly cloudy throughout the day.
301,2015-03-20 13:00:00.000 +0100,Mostly cloudy throughout the day.
302,2015-03-20 14:00:00.000 +0100,Partly cloudy throughout the day.
303,2015-03-20 15:00:00.000 +0100,Partly cloudy throughout the day.
304,2015-03-20 16:00:00.000 +0100,Mostly cloudy throughout the day.
305,2015-03-20 17:00:00.000 +0100,Mostly cloudy throughout the day.
306,2015-03-20 18:00:00.000 +0100,Mostly cloudy throughout the day.
307,2015-03-20 19:00:00.000 +0100,Mostly cloudy throughout the day.
308,2015-03-20 20:00:00.000 +0100,Mostly cloudy throughout the day.
309,2015-03-20 21:00:00.000 +0100,Mostly cloudy throughout the day.
310,2015-03-20 22:00:00.000 +0100,Mostly cloudy throughout the day.
311,2015-03-20 23:00:00.000 +0100,Mostly cloudy throughout the day.
312,2015-03-21 00:00:00.000 +0100,Partly cloudy throughout the day.
313,2015-03-21 01:00:00.000 +0100,Mostly cloudy throughout the day.
314,2015-03-21 02:00:00.000 +0100,Mostly cloudy throughout the day.
315,2015-03-21 03:00:00.000 +0100,Mostly cloudy throughout the day.
316,2015-03-21 04:00:00.000 +0100,Mostly cloudy throughout the day.
317,2015-03-21 05:00:00.000 +0100,Mostly cloudy throughout the day.
318,2015-03-21 06:00:00.000 +0100,Mostly cloudy throughout the day.
319,2015-03-21 07:00:00.000 +0100,Mostly cloudy throughout the day.
320,2015-03-21 08:00:00.000 +0100,Mostly cloudy throughout the day.
321,2015-03-21 09:00:00.000 +0100,Mostly cloudy throughout the day.
322,2015-03-21 10:00:00.000 +0100,Mostly cloudy throughout the day.
323,2015-03-21 11:00:00.000 +0100,Mostly cloudy throughout the day.
324,2015-03-21 12:00:00.000 +0100,Mostly cloudy throughout the day.
325,2015-03-21 13:00:00.000 +0100,Mostly cloudy throughout the day.
326,2015-03-21 14:00:00.000 +0100,Mostly cloudy throughout the day.
327,2015-03-21 15:00:00.000 +0100,Mostly cloudy throughout the day.
328,2015-03-21 16:00:00.000 +0100,Mostly cloudy throughout the day.
329,2015-03-21 17:00:00.000 +0100,Mostly cloudy throughout the day.
330,2015-03-21 18:00:00.000 +0100,Mostly cloudy throughout the day.
331,2015-03-21 19:00:00.000 +0100,Mostly cloudy throughout the day.
332,2015-03-21 20:00:00.000 +0100,Mostly cloudy throughout the day.
333,2015-03-21 21:00:00.000 +0100,Mostly cloudy throughout the day.
334,2015-03-21 22:00:00.000 +0100,Mostly cloudy throughout the day.
335,2015-03-21 23:00:00.000 +0100,Mostly cloudy throughout the day.
336,2015-03-22 00:00:00.000 +0100,Mostly cloudy throughout the day.
337,2015-03-22 01:00:00.000 +0100,Mostly cloudy throughout the day.
338,2015-03-22 02:00:00.000 +0100,Mostly cloudy throughout the day.
339,2015-03-22 03:00:00.000 +0100,Mostly cloudy throughout the day.
340,2015-03-22 04:00:00.000 +0100,Partly cloudy throughout the day.
341,2015-03-22 05:00:00.000 +0100,Partly cloudy throughout the day.
342,2015-03-22 06:00:00.000 +0100,Partly cloudy throughout the day.
343,2015-03-22 07:00:00.000 +0100,Mostly cloudy throughout the day.
344,2015-03-22 08:00:00.000 +0100,Mostly cloudy throughout the day.
345,2015-03-22 09:00:00.000 +0100,Mostly cloudy throughout the day.
346,2015-03-22 10:00:00.000 +0100,Partly cloudy throughout the day.
347,2015-03-22 11:00:00.000 +0100,Partly cloudy throughout the day.
348,2015-03-22 12:00:00.000 +0100,Partly cloudy throughout the day.
349,2015-03-22 13:00:00.000 +0100,Partly cloudy throughout the day.
350,2015-03-22 14:00:00.000 +0100,Partly cloudy throughout the day.
351,2015-03-22 15:00:00.000 +0100,Partly cloudy throughout the day.
352,2015-03-22 16:00:00.000 +0100,Partly cloudy throughout the day.
353,2015-03-22 17:00:00.000 +0100,Partly cloudy throughout the day.
354,2015-03-22 18:00:00.000 +0100,Partly cloudy throughout the day.
355,2015-03-22 19:00:00.000 +0100,Partly cloudy throughout the day.
356,2015-03-22 20:00:00.000 +0100,Partly cloudy throughout the day.
357,2015-03-22 21:00:00.000 +0100,Partly cloudy throughout the day.
358,2015-03-22 22:00:00.000 +0100,Partly cloudy throughout the day.
359,2015-03-22 23:00:00.000 +0100,Partly cloudy throughout the day.
360,2015-03-23 00:00:00.000 +0100,Partly cloudy throughout the day.
361,2015-03-23 01:00:00.000 +0100,Partly cloudy throughout the day.
362,2015-03-23 02:00:00.000 +0100,Mostly cloudy throughout the day.
363,2015-03-23 03:00:00.000 +0100,Partly cloudy throughout the day.
364,2015-03-23 04:00:00.000 +0100,Partly cloudy throughout the day.
365,2015-03-23 05:00:00.000 +0100,Partly cloudy throughout the day.
366,2015-03-23 06:00:00.000 +0100,Partly cloudy starting in the morning.
367,2015-03-23 07:00:00.000 +0100,Partly cloudy throughout the day.
368,2015-03-23 08:00:00.000 +0100,Partly cloudy throughout the day.
369,2015-03-23 09:00:00.000 +0100,Partly cloudy throughout the day.
370,2015-03-23 10:00:00.000 +0100,Partly cloudy throughout the day.
371,2015-03-23 11:00:00.000 +0100,Partly cloudy throughout the day.
372,2015-03-23 12:00:00.000 +0100,Partly cloudy throughout the day.
373,2015-03-23 13:00:00.000 +0100,Partly cloudy throughout the day.
374,2015-03-23 14:00:00.000 +0100,Partly cloudy throughout the day.
375,2015-03-23 15:00:00.000 +0100,Partly cloudy throughout the day.
376,2015-03-23 16:00:00.000 +0100,Partly cloudy throughout the day.
377,2015-03-23 17:00:00.000 +0100,Partly cloudy throughout the day.
378,2015-03-23 18:00:00.000 +0100,Partly cloudy throughout the day.
379,2015-03-23 19:00:00.000 +0100,Partly cloudy throughout the day.
380,2015-03-23 20:00:00.000 +0100,Partly cloudy throughout the day.
381,2015-03-23 21:00:00.000 +0100,Partly cloudy throughout the day.
382,2015-03-23 22:00:00.000 +0100,Partly cloudy throughout the day.
383,2015-03-23 23:00:00.000 +0100,Partly cloudy throughout the day.
384,2015-03-24 00:00:00.000 +0100,Partly cloudy throughout the day.
385,2015-03-24 01:00:00.000 +0100,Partly cloudy throughout the day.
386,2015-03-24 02:00:00.000 +0100,Partly cloudy throughout the day.
387,2015-03-24 03:00:00.000 +0100,Partly cloudy starting in the morning.
388,2015-03-24 04:00:00.000 +0100,Partly cloudy starting in the morning.
389,2015-03-24 05:00:00.000 +0100,Partly cloudy throughout the day.
390,2015-03-24 06:00:00.000 +0100,Partly cloudy throughout the day.
391,2015-03-24 07:00:00.000 +0100,Partly cloudy throughout the day.
392,2015-03-24 08:00:00.000 +0100,Partly cloudy throughout the day.
393,2015-03-24 09:00:00.000 +0100,Partly cloudy throughout the day.
394,2015-03-24 10:00:00.000 +0100,Partly cloudy throughout the day.
395,2015-03-24 11:00:00.000 +0100,Partly cloudy throughout the day.
396,2015-03-24 12:00:00.000 +0100,Partly cloudy throughout the day.
397,2015-03-24 13:00:00.000 +0100,Partly cloudy throughout the day.
398,2015-03-24 14:00:00.000 +0100,Partly cloudy throughout the day.
399,2015-03-24 15:00:00.000 +0100,Partly cloudy throughout the day.
400,2015-03-24 16:00:00.000 +0100,Mostly cloudy throughout the day.
401,2015-03-24 17:00:00.000 +0100,Partly cloudy throughout the day.
402,2015-03-24 18:00:00.000 +0100,Partly cloudy throughout the day.
403,2015-03-24 19:00:00.000 +0100,Mostly cloudy throughout the day.
404,2015-03-24 20:00:00.000 +0100,Mostly cloudy throughout the day.
405,2015-03-24 21:00:00.000 +0100,Mostly cloudy throughout the day.
406,2015-03-24 22:00:00.000 +0100,Mostly cloudy throughout the day.
407,2015-03-24 23:00:00.000 +0100,Partly cloudy throughout the day.
408,2015-03-25 00:00:00.000 +0100,Partly cloudy throughout the day.
409,2015-03-25 01:00:00.000 +0100,Partly cloudy throughout the day.
410,2015-03-25 02:00:00.000 +0100,Partly cloudy throughout the day.
411,2015-03-25 03:00:00.000 +0100,Partly cloudy throughout the day.
412,2015-03-25 04:00:00.000 +0100,Partly cloudy throughout the day.
413,2015-03-25 05:00:00.000 +0100,Partly cloudy throughout the day.
414,2015-03-25 06:00:00.000 +0100,Partly cloudy throughout the day.
415,2015-03-25 07:00:00.000 +0100,Partly cloudy throughout the day.
416,2015-03-25 08:00:00.000 +0100,Partly cloudy throughout the day.
417,2015-03-25 09:00:00.000 +0100,Partly cloudy throughout the day.
418,2015-03-25 10:00:00.000 +0100,Partly cloudy throughout the day.
419,2015-03-25 11:00:00.000 +0100,Partly cloudy throughout the day.
420,2015-03-25 12:00:00.000 +0100,Partly cloudy throughout the day.
421,2015-03-25 13:00:00.000 +0100,Partly cloudy throughout the day.
422,2015-03-25 14:00:00.000 +0100,Partly cloudy throughout the day.
423,2015-03-25 15:00:00.000 +0100,Partly cloudy throughout the day.
424,2015-03-25 16:00:00.000 +0100,Partly cloudy throughout the day.
425,2015-03-25 17:00:00.000 +0100,Partly cloudy throughout the day.
426,2015-03-25 18:00:00.000 +0100,Partly cloudy throughout the day.
427,2015-03-25 19:00:00.000 +0100,Partly cloudy throughout the day.
428,2015-03-25 20:00:00.000 +0100,Partly cloudy throughout the day.
429,2015-03-25 21:00:00.000 +0100,Partly cloudy throughout the day.
430,2015-03-25 22:00:00.000 +0100,Partly cloudy throughout the day.
431,2015-03-25 23:00:00.000 +0100,Partly cloudy throughout the day.
432,2015-03-26 00:00:00.000 +0100,Partly cloudy starting in the morning.
433,2015-03-26 01:00:00.000 +0100,Partly cloudy throughout the day.
434,2015-03-26 02:00:00.000 +0100,Partly cloudy throughout the day.
435,2015-03-26 03:00:00.000 +0100,Partly cloudy starting in the morning.
436,2015-03-26 04:00:00.000 +0100,Partly cloudy starting in the morning.
437,2015-03-26 05:00:00.000 +0100,Partly cloudy throughout the day.
438,2015-03-26 06:00:00.000 +0100,Partly cloudy throughout the day.
439,2015-03-26 07:00:00.000 +0100,Partly cloudy throughout the day.
440,2015-03-26 08:00:00.000 +0100,Partly cloudy throughout the day.
441,2015-03-26 09:00:00.000 +0100,Partly cloudy throughout the day.
442,2015-03-26 10:00:00.000 +0100,Partly cloudy throughout the day.
443,2015-03-26 11:00:00.000 +0100,Partly cloudy throughout the day.
444,2015-03-26 12:00:00.000 +0100,Mostly cloudy throughout the day.
445,2015-03-26 13:00:00.000 +0100,Mostly cloudy throughout the day.
446,2015-03-26 14:00:00.000 +0100,Mostly cloudy throughout the day.
447,2015-03-26 15:00:00.000 +0100,Mostly cloudy throughout the day.
448,2015-03-26 16:00:00.000 +0100,Mostly cloudy throughout the day.
449,2015-03-26 17:00:00.000 +0100,Mostly cloudy throughout the day.
450,2015-03-26 18:00:00.000 +0100,Mostly cloudy throughout the day.
451,2015-03-26 19:00:00.000 +0100,Mostly cloudy throughout the day.
452,2015-03-26 20:00:00.000 +0100,Mostly cloudy throughout the day.
453,2015-03-26 21:00:00.000 +0100,Mostly cloudy throughout the day.
454,2015-03-26 22:00:00.000 +0100,Mostly cloudy throughout the day.
455,2015-03-26 23:00:00.000 +0100,Mostly cloudy throughout the day.
456,2015-03-27 00:00:00.000 +0100,Mostly cloudy throughout the day.
457,2015-03-27 01:00:00.000 +0100,Mostly cloudy throughout the day.
458,2015-03-27 02:00:00.000 +0100,Mostly cloudy throughout the day.
459,2015-03-27 03:00:00.000 +0100,Mostly cloudy throughout the day.
460,2015-03-27 04:00:00.000 +0100,Mostly cloudy throughout the day.
461,2015-03-27 05:00:00.000 +0100,Mostly cloudy throughout the day.
462,2015-03-27 06:00:00.000 +0100,Mostly cloudy throughout the day.
463,2015-03-27 07:00:00.000 +0100,Mostly cloudy throughout the day.
464,2015-03-27 08:00:00.000 +0100,Mostly cloudy throughout the day.
465,2015-03-27 09:00:00.000 +0100,Mostly cloudy throughout the day.
466,2015-03-27 10:00:00.000 +0100,Mostly cloudy throughout the day.
467,2015-03-27 11:00:00.000 +0100,Mostly cloudy throughout the day.
468,2015-03-27 12:00:00.000 +0100,Mostly cloudy throughout the day.
469,2015-03-27 13:00:00.000 +0100,Mostly cloudy throughout the day.
470,2015-03-27 14:00:00.000 +0100,Mostly cloudy throughout the day.
471,2015-03-27 15:00:00.000 +0100,Mostly cloudy throughout the day.
472,2015-03-27 16:00:00.000 +0100,Partly cloudy throughout the day.
473,2015-03-27 17:00:00.000 +0100,Partly cloudy throughout the day.
474,2015-03-27 18:00:00.000 +0100,Mostly cloudy throughout the day.
475,2015-03-27 19:00:00.000 +0100,Mostly cloudy throughout the day.
476,2015-03-27 20:00:00.000 +0100,Mostly cloudy throughout the day.
477,2015-03-27 21:00:00.000 +0100,Mostly cloudy throughout the day.
478,2015-03-27 22:00:00.000 +0100,Mostly cloudy throughout the day.
479,2015-03-27 23:00:00.000 +0100,Mostly cloudy throughout the day.
480,2015-03-28 00:00:00.000 +0100,Mostly cloudy throughout the day.
481,2015-03-28 01:00:00.000 +0100,Mostly cloudy throughout the day.
482,2015-03-28 02:00:00.000 +0100,Mostly cloudy throughout the day.
483,2015-03-28 03:00:00.000 +0100,Mostly cloudy throughout the day.
484,2015-03-28 04:00:00.000 +0100,Mostly cloudy throughout the day.
485,2015-03-28 05:00:00.000 +0100,Mostly cloudy throughout the day.
486,2015-03-28 06:00:00.000 +0100,Mostly cloudy throughout the day.
487,2015-03-28 07:00:00.000 +0100,Mostly cloudy throughout the day.
488,2015-03-28 08:00:00.000 +0100,Mostly cloudy throughout the day.
489,2015-03-28 09:00:00.000 +0100,Mostly cloudy throughout the day.
490,2015-03-28 10:00:00.000 +0100,Mostly cloudy throughout the day.
491,2015-03-28 11:00:00.000 +0100,Mostly cloudy throughout the day.
492,2015-03-28 12:00:00.000 +0100,Mostly cloudy throughout the day.
493,2015-03-28 13:00:00.000 +0100,Mostly cloudy throughout the day.
494,2015-03-28 14:00:00.000 +0100,Mostly cloudy throughout the day.
495,2015-03-28 15:00:00.000 +0100,Mostly cloudy throughout the day.
496,2015-03-28 16:00:00.000 +0100,Mostly cloudy throughout the day.
497,2015-03-28 17:00:00.000 +0100,Mostly cloudy throughout the day.
498,2015-03-28 18:00:00.000 +0100,Mostly cloudy throughout the day.
499,2015-03-28 19:00:00.000 +0100,Mostly cloudy throughout the day.
500,2015-03-28 20:00:00.000 +0100,Mostly cloudy throughout the day.
501,2015-03-28 21:00:00.000 +0100,Partly cloudy throughout the day.
502,2015-03-28 22:00:00.000 +0100,Partly cloudy throughout the day.
503,2015-03-28 23:00:00.000 +0100,Partly cloudy throughout the day.
504,2015-03-29 00:00:00.000 +0100,Partly cloudy throughout the day.
505,2015-03-29 01:00:00.000 +0100,Partly cloudy throughout the day.
506,2015-03-29 03:00:00.000 +0200,Partly cloudy throughout the day.
507,2015-03-29 04:00:00.000 +0200,Partly cloudy throughout the day.
508,2015-03-29 05:00:00.000 +0200,Partly cloudy throughout the day.
509,2015-03-29 06:00:00.000 +0200,Partly cloudy throughout the day.
510,2015-03-29 07:00:00.000 +0200,Partly cloudy throughout the day.
511,2015-03-29 08:00:00.000 +0200,Partly cloudy throughout the day.
512,2015-03-29 09:00:00.000 +0200,Partly cloudy throughout the day.
513,2015-03-29 10:00:00.000 +0200,Partly cloudy throughout the day.
514,2015-03-29 11:00:00.000 +0200,Partly cloudy throughout the day.
515,2015-03-29 12:00:00.000 +0200,Partly cloudy throughout the day.
516,2015-03-29 13:00:00.000 +0200,Partly cloudy throughout the day.
517,2015-03-29 14:00:00.000 +0200,Partly cloudy throughout the day.
518,2015-03-29 15:00:00.000 +0200,Partly cloudy throughout the day.
519,2015-03-29 16:00:00.000 +0200,Partly cloudy throughout the day.
520,2015-03-29 17:00:00.000 +0200,Partly cloudy throughout the day.
521,2015-03-29 18:00:00.000 +0200,Partly cloudy throughout the day.
522,2015-03-29 19:00:00.000 +0200,Partly cloudy throughout the day.
523,2015-03-29 20:00:00.000 +0200,Partly cloudy throughout the day.
524,2015-03-29 21:00:00.000 +0200,Partly cloudy throughout the day.
525,2015-03-29 22:00:00.000 +0200,Partly cloudy throughout the day.
526,2015-03-29 23:00:00.000 +0200,Partly cloudy starting in the morning.
527,2015-03-03 00:00:00.000 +0100,Partly cloudy starting in the morning.
528,2015-03-03 01:00:00.000 +0100,Mostly cloudy throughout the day.
529,2015-03-03 02:00:00.000 +0100,Partly cloudy throughout the day.
530,2015-03-03 03:00:00.000 +0100,Partly cloudy throughout the day.
531,2015-03-03 04:00:00.000 +0100,Partly cloudy throughout the day.
532,2015-03-03 05:00:00.000 +0100,Foggy starting overnight continuing until morning.
533,2015-03-03 06:00:00.000 +0100,Partly cloudy throughout the day.
534,2015-03-03 07:00:00.000 +0100,Partly cloudy throughout the day.
535,2015-03-03 08:00:00.000 +0100,Partly cloudy throughout the day.
536,2015-03-03 09:00:00.000 +0100,Mostly cloudy throughout the day.
537,2015-03-03 10:00:00.000 +0100,Mostly cloudy throughout the day.
538,2015-03-03 11:00:00.000 +0100,Partly cloudy throughout the day.
539,2015-03-03 12:00:00.000 +0100,Mostly cloudy throughout the day.
540,2015-03-03 13:00:00.000 +0100,Mostly cloudy throughout the day.
541,2015-03-03 14:00:00.000 +0100,Mostly cloudy throughout the day.
542,2015-03-03 15:00:00.000 +0100,Mostly cloudy throughout the day.
543,2015-03-03 16:00:00.000 +0100,Mostly cloudy throughout the day.
544,2015-03-03 17:00:00.000 +0100,Mostly cloudy throughout the day.
545,2015-03-03 18:00:00.000 +0100,Mostly cloudy throughout the day.
546,2015-03-03 19:00:00.000 +0100,Mostly cloudy throughout the day.
547,2015-03-03 20:00:00.000 +0100,Mostly cloudy throughout the day.
548,2015-03-03 21:00:00.000 +0100,Mostly cloudy throughout the day.
549,2015-03-03 22:00:00.000 +0100,Mostly cloudy throughout the day.
550,2015-03-03 23:00:00.000 +0100,Mostly cloudy throughout the day.
551,2015-03-30 00:00:00.000 +0200,Mostly cloudy throughout the day.
552,2015-03-30 01:00:00.000 +0200,Partly cloudy starting in the morning.
553,2015-03-30 02:00:00.000 +0200,Partly cloudy starting in the morning.
554,2015-03-30 03:00:00.000 +0200,Partly cloudy starting in the morning.
555,2015-03-30 04:00:00.000 +0200,Partly cloudy starting in the morning.
556,2015-03-30 05:00:00.000 +0200,Partly cloudy starting in the morning.
557,2015-03-30 06:00:00.000 +0200,Partly cloudy starting in the morning.
558,2015-03-30 07:00:00.000 +0200,Partly cloudy throughout the day.
559,2015-03-30 08:00:00.000 +0200,Partly cloudy throughout the day.
560,2015-03-30 09:00:00.000 +0200,Partly cloudy throughout the day.
561,2015-03-30 10:00:00.000 +0200,Partly cloudy throughout the day.
562,2015-03-30 11:00:00.000 +0200,Partly cloudy throughout the day.
563,2015-03-30 12:00:00.000 +0200,Partly cloudy throughout the day.
564,2015-03-30 13:00:00.000 +0200,Partly cloudy throughout the day.
565,2015-03-30 14:00:00.000 +0200,Partly cloudy throughout the day.
566,2015-03-30 15:00:00.000 +0200,Partly cloudy throughout the day.
567,2015-03-30 16:00:00.000 +0200,Partly cloudy throughout the day.
568,2015-03-30 17:00:00.000 +0200,Partly cloudy throughout the day.
569,2015-03-30 18:00:00.000 +0200,Mostly cloudy throughout the day.
570,2015-03-30 19:00:00.000 +0200,Mostly cloudy throughout the day.
571,2015-03-30 20:00:00.000 +0200,Mostly cloudy throughout the day.
572,2015-03-30 21:00:00.000 +0200,Mostly cloudy throughout the day.
573,2015-03-30 22:00:00.000 +0200,Mostly cloudy throughout the day.
574,2015-03-30 23:00:00.000 +0200,Mostly cloudy throughout the day.
575,2015-03-31 00:00:00.000 +0200,Partly cloudy throughout the day.
576,2015-03-31 01:00:00.000 +0200,Mostly cloudy throughout the day.
577,2015-03-31 02:00:00.000 +0200,Mostly cloudy throughout the day.
578,2015-03-31 03:00:00.000 +0200,Mostly cloudy throughout the day.
579,2015-03-31 04:00:00.000 +0200,Mostly cloudy throughout the day.
580,2015-03-31 05:00:00.000 +0200,Mostly cloudy throughout the day.
581,2015-03-31 06:00:00.000 +0200,Mostly cloudy throughout the day.
582,2015-03-31 07:00:00.000 +0200,Mostly cloudy throughout the day.
583,2015-03-31 08:00:00.000 +0200,Mostly cloudy throughout the day.
584,2015-03-31 09:00:00.000 +0200,Mostly cloudy throughout the day.
585,2015-03-31 10:00:00.000 +0200,Mostly cloudy throughout the day.
586,2015-03-31 11:00:00.000 +0200,Mostly cloudy throughout the day.
587,2015-03-31 12:00:00.000 +0200,Mostly cloudy throughout the day.
588,2015-03-31 13:00:00.000 +0200,Mostly cloudy throughout the day.
589,2015-03-31 14:00:00.000 +0200,Mostly cloudy throughout the day.
590,2015-03-31 15:00:00.000 +0200,Mostly cloudy throughout the day.
591,2015-03-31 16:00:00.000 +0200,Mostly cloudy throughout the day.
592,2015-03-31 17:00:00.000 +0200,Mostly cloudy throughout the day.
593,2015-03-31 18:00:00.000 +0200,Mostly cloudy throughout the day.
594,2015-03-31 19:00:00.000 +0200,Mostly cloudy throughout the day.
595,2015-03-31 20:00:00.000 +0200,Mostly cloudy throughout the day.
596,2015-03-31 21:00:00.000 +0200,Mostly cloudy throughout the day.
597,2015-03-31 22:00:00.000 +0200,Mostly cloudy throughout the day.
598,2015-03-31 23:00:00.000 +0200,Mostly cloudy throughout the day.
599,2015-03-04 00:00:00.000 +0100,Mostly cloudy throughout the day.
600,2015-03-04 01:00:00.000 +0100,Mostly cloudy throughout the day.
601,2015-03-04 02:00:00.000 +0100,Mostly cloudy throughout the day.
602,2015-03-04 03:00:00.000 +0100,Mostly cloudy throughout the day.
603,2015-03-04 04:00:00.000 +0100,Mostly cloudy throughout the day.
604,2015-03-04 05:00:00.000 +0100,Mostly cloudy throughout the day.
605,2015-03-04 06:00:00.000 +0100,Mostly cloudy throughout the day.
606,2015-03-04 07:00:00.000 +0100,Mostly cloudy throughout the day.
607,2015-03-04 08:00:00.000 +0100,Mostly cloudy throughout the day.
608,2015-03-04 09:00:00.000 +0100,Mostly cloudy throughout the day.
609,2015-03-04 10:00:00.000 +0100,Mostly cloudy throughout the day.
610,2015-03-04 11:00:00.000 +0100,Mostly cloudy throughout the day.
611,2015-03-04 12:00:00.000 +0100,Mostly cloudy throughout the day.
612,2015-03-04 13:00:00.000 +0100,Mostly cloudy throughout the day.
613,2015-03-04 14:00:00.000 +0100,Mostly cloudy throughout the day.
614,2015-03-04 15:00:00.000 +0100,Mostly cloudy throughout the day.
615,2015-03-04 16:00:00.000 +0100,Mostly cloudy throughout the day.
616,2015-03-04 17:00:00.000 +0100,Mostly cloudy throughout the day.
617,2015-03-04 18:00:00.000 +0100,Mostly cloudy throughout the day.
618,2015-03-04 19:00:00.000 +0100,Mostly cloudy throughout the day.
619,2015-03-04 20:00:00.000 +0100,Mostly cloudy throughout the day.
620,2015-03-04 21:00:00.000 +0100,Mostly cloudy throughout the day.
621,2015-03-04 22:00:00.000 +0100,Mostly cloudy throughout the day.
622,2015-03-04 23:00:00.000 +0100,Mostly cloudy throughout the day.
623,2015-03-05 00:00:00.000 +0100,Mostly cloudy throughout the day.
624,2015-03-05 01:00:00.000 +0100,Mostly cloudy throughout the day.
625,2015-03-05 02:00:00.000 +0100,Mostly cloudy throughout the day.
626,2015-03-05 03:00:00.000 +0100,Partly cloudy throughout the day.
627,2015-03-05 04:00:00.000 +0100,Mostly cloudy throughout the day.
628,2015-03-05 05:00:00.000 +0100,Mostly cloudy throughout the day.
629,2015-03-05 06:00:00.000 +0100,Mostly cloudy throughout the day.
630,2015-03-05 07:00:00.000 +0100,Partly cloudy throughout the day.
631,2015-03-05 08:00:00.000 +0100,Partly cloudy throughout the day.
632,2015-03-05 09:00:00.000 +0100,Partly cloudy throughout the day.
633,2015-03-05 10:00:00.000 +0100,Partly cloudy throughout the day.
634,2015-03-05 11:00:00.000 +0100,Partly cloudy throughout the day.
635,2015-03-05 12:00:00.000 +0100,Partly cloudy throughout the day.
636,2015-03-05 13:00:00.000 +0100,Partly cloudy throughout the day.
637,2015-03-05 14:00:00.000 +0100,Partly cloudy throughout the day.
638,2015-03-05 15:00:00.000 +0100,Partly cloudy throughout the day.
639,2015-03-05 16:00:00.000 +0100,Partly cloudy throughout the day.
640,2015-03-05 17:00:00.000 +0100,Partly cloudy throughout the day.
641,2015-03-05 18:00:00.000 +0100,Partly cloudy throughout the day.
642,2015-03-05 19:00:00.000 +0100,Partly cloudy throughout the day.
643,2015-03-05 20:00:00.000 +0100,Partly cloudy throughout the day.
644,2015-03-05 21:00:00.000 +0100,Mostly cloudy throughout the day.
645,2015-03-05 22:00:00.000 +0100,Mostly cloudy throughout the day.
646,2015-03-05 23:00:00.000 +0100,Mostly cloudy throughout the day.
647,2015-03-06 00:00:00.000 +0100,Mostly cloudy throughout the day.
648,2015-03-06 01:00:00.000 +0100,Partly cloudy throughout the day.
649,2015-03-06 02:00:00.000 +0100,Partly cloudy throughout the day.
650,2015-03-06 03:00:00.000 +0100,Partly cloudy throughout the day.
651,2015-03-06 04:00:00.000 +0100,Partly cloudy throughout the day.
652,2015-03-06 05:00:00.000 +0100,Partly cloudy throughout the day.
653,2015-03-06 06:00:00.000 +0100,Partly cloudy throughout the day.
654,2015-03-06 07:00:00.000 +0100,Mostly cloudy throughout the day.
655,2015-03-06 08:00:00.000 +0100,Mostly cloudy throughout the day.
656,2015-03-06 09:00:00.000 +0100,Partly cloudy throughout the day.
657,2015-03-06 10:00:00.000 +0100,Partly cloudy throughout the day.
658,2015-03-06 11:00:00.000 +0100,Partly cloudy throughout the day.
659,2015-03-06 12:00:00.000 +0100,Partly cloudy throughout the day.
660,2015-03-06 13:00:00.000 +0100,Partly cloudy throughout the day.
661,2015-03-06 14:00:00.000 +0100,Partly cloudy throughout the day.
662,2015-03-06 15:00:00.000 +0100,Partly cloudy throughout the day.
663,2015-03-06 16:00:00.000 +0100,Partly cloudy throughout the day.
664,2015-03-06 17:00:00.000 +0100,Partly cloudy throughout the day.
665,2015-03-06 18:00:00.000 +0100,Partly cloudy throughout the day.
666,2015-03-06 19:00:00.000 +0100,Partly cloudy throughout the day.
667,2015-03-06 20:00:00.000 +0100,Partly cloudy throughout the day.
668,2015-03-06 21:00:00.000 +0100,Partly cloudy throughout the day.
669,2015-03-06 22:00:00.000 +0100,Partly cloudy throughout the day.
670,2015-03-06 23:00:00.000 +0100,Partly cloudy throughout the day.
671,2015-03-07 00:00:00.000 +0100,Partly cloudy starting in the morning.
672,2015-03-07 01:00:00.000 +0100,Partly cloudy starting in the morning.
673,2015-03-07 02:00:00.000 +0100,Partly cloudy starting in the morning.
674,2015-03-07 03:00:00.000 +0100,Partly cloudy starting in the morning.
675,2015-03-07 04:00:00.000 +0100,Partly cloudy starting in the morning.
676,2015-03-07 05:00:00.000 +0100,Partly cloudy starting in the morning.
677,2015-03-07 06:00:00.000 +0100,Partly cloudy throughout the day.
678,2015-03-07 07:00:00.000 +0100,Partly cloudy throughout the day.
679,2015-03-07 08:00:00.000 +0100,Partly cloudy throughout the day.
680,2015-03-07 09:00:00.000 +0100,Mostly cloudy throughout the day.
681,2015-03-07 10:00:00.000 +0100,Mostly cloudy throughout the day.
682,2015-03-07 11:00:00.000 +0100,Mostly cloudy throughout the day.
683,2015-03-07 12:00:00.000 +0100,Mostly cloudy throughout the day.
684,2015-03-07 13:00:00.000 +0100,Mostly cloudy throughout the day.
685,2015-03-07 14:00:00.000 +0100,Mostly cloudy throughout the day.
686,2015-03-07 15:00:00.000 +0100,Mostly cloudy throughout the day.
687,2015-03-07 16:00:00.000 +0100,Mostly cloudy throughout the day.
688,2015-03-07 17:00:00.000 +0100,Mostly cloudy throughout the day.
689,2015-03-07 18:00:00.000 +0100,Mostly cloudy throughout the day.
690,2015-03-07 19:00:00.000 +0100,Mostly cloudy throughout the day.
691,2015-03-07 20:00:00.000 +0100,Partly cloudy throughout the day.
692,2015-03-07 21:00:00.000 +0100,Partly cloudy throughout the day.
693,2015-03-07 22:00:00.000 +0100,Partly cloudy throughout the day.
694,2015-03-07 23:00:00.000 +0100,Partly cloudy throughout the day.
695,2015-03-08 00:00:00.000 +0100,Partly cloudy throughout the day.
696,2015-03-08 01:00:00.000 +0100,Partly cloudy throughout the day.
697,2015-03-08 02:00:00.000 +0100,Partly cloudy throughout the day.
698,2015-03-08 03:00:00.000 +0100,Partly cloudy throughout the day.
699,2015-03-08 04:00:00.000 +0100,Partly cloudy throughout the day.
700,2015-03-08 05:00:00.000 +0100,Partly cloudy throughout the day.
701,2015-03-08 06:00:00.000 +0100,Foggy starting overnight continuing until morning.
702,2015-03-08 07:00:00.000 +0100,Partly cloudy throughout the day.
703,2015-03-08 08:00:00.000 +0100,Mostly cloudy throughout the day.
704,2015-03-08 09:00:00.000 +0100,Mostly cloudy throughout the day.
705,2015-03-08 10:00:00.000 +0100,Partly cloudy throughout the day.
706,2015-03-08 11:00:00.000 +0100,Partly cloudy throughout the day.
707,2015-03-08 12:00:00.000 +0100,Partly cloudy throughout the day.
708,2015-03-08 13:00:00.000 +0100,Mostly cloudy throughout the day.
709,2015-03-08 14:00:00.000 +0100,Partly cloudy throughout the day.
710,2015-03-08 15:00:00.000 +0100,Mostly cloudy throughout the day.
711,2015-03-08 16:00:00.000 +0100,Partly cloudy throughout the day.
712,2015-03-08 17:00:00.000 +0100,Mostly cloudy throughout the day.
713,2015-03-08 18:00:00.000 +0100,Partly cloudy throughout the day.
714,2015-03-08 19:00:00.000 +0100,Mostly cloudy throughout the day.
715,2015-03-08 20:00:00.000 +0100,Mostly cloudy throughout the day.
716,2015-03-08 21:00:00.000 +0100,Mostly cloudy throughout the day.
717,2015-03-08 22:00:00.000 +0100,Mostly cloudy throughout the day.
718,2015-03-08 23:00:00.000 +0100,Mostly cloudy throughout the day.
